id,first_name,last_name,email,gender,ip_address
1,Brittni,Petchell,bpetchell0@myspace.com,Female,30.25.250.148
2,Dee dee,Thorsen,dthorsen1@indiatimes.com,Agender,178.165.29.215
3,Bennie,Simons,bsimons2@zdnet.com,Male,145.106.134.38
4,Fairlie,Robke,frobke3@fda.gov,Male,61.215.245.32
5,Lina,Lavalle,llavalle4@netscape.com,Female,62.55.73.66
6,Gerianna,Kienlein,gkienlein5@nsw.gov.au,Female,121.220.24.223
7,Denny,Linck,dlinck6@hud.gov,Female,109.59.254.89
8,Jeno,Wilding,jwilding7@people.com.cn,Male,196.208.132.33
9,Esme,Clissold,eclissold8@psu.edu,Male,49.99.119.23
10,Kandace,Loisi,kloisi9@japanpost.jp,Female,189.155.211.249
11,Onfre,Minter,omintera@ted.com,Male,19.88.218.96
12,Claresta,Grollmann,cgrollmannb@newsvine.com,Female,132.16.27.157
13,Fan,Faithorn,ffaithornc@google.cn,Female,156.148.67.135
14,Abelard,Averill,aaverilld@tamu.edu,Male,121.196.14.174
15,Giorgi,Judd,gjudde@dot.gov,Male,46.35.129.92
16,Lorne,Seago,lseagof@mapy.cz,Female,125.49.196.70
17,Kele,Wincer,kwincerg@shop-pro.jp,Male,60.196.68.253
18,Ephrem,Vossing,evossingh@booking.com,Genderqueer,165.239.212.32
19,Melisandra,Bachellier,mbachellieri@ehow.com,Bigender,149.204.158.112
20,Katy,Swetman,kswetmanj@freewebs.com,Female,103.134.43.37
21,Brandice,Glinde,bglindek@toplist.cz,Female,97.142.77.48
22,Joane,Oliveras,joliverasl@slideshare.net,Female,49.15.56.163
23,Lucina,Trazzi,ltrazzim@vimeo.com,Female,37.190.215.202
24,Lisabeth,Dutteridge,ldutteridgen@elegantthemes.com,Genderqueer,38.179.152.167
25,Gabie,Renihan,grenihano@surveymonkey.com,Male,208.214.239.218
26,Isobel,Gallegos,igallegosp@taobao.com,Female,204.130.145.196
27,Merwyn,Kwietek,mkwietekq@whitehouse.gov,Male,6.104.223.249
28,Jacky,Derkes,jderkesr@microsoft.com,Male,86.206.12.111
29,Sylas,Flute,sflutes@is.gd,Male,20.187.216.30
30,Lottie,Paradise,lparadiset@dailymail.co.uk,Female,202.25.141.193
31,Quentin,Van der Krui,qvanderkruiu@canalblog.com,Male,67.122.246.99
32,Aldus,Sworn,aswornv@google.com.au,Male,225.61.144.187
33,Marline,Badrick,mbadrickw@ustream.tv,Female,10.215.19.16
34,Tiffi,Maggiore,tmaggiorex@dedecms.com,Female,28.15.200.0
35,Ozzy,Pagnin,opagniny@berkeley.edu,Male,156.115.107.140
36,Dru,Springham,dspringhamz@vk.com,Male,182.139.177.172
37,Lonny,Chevin,lchevin10@topsy.com,Male,137.126.93.212
38,Britta,Dubble,bdubble11@jugem.jp,Female,209.224.83.18
39,Tito,Chastney,tchastney12@gizmodo.com,Male,67.176.113.137
40,Karlens,Backen,kbacken13@harvard.edu,Male,22.174.54.96
41,Kaitlin,Itzhaki,kitzhaki14@theatlantic.com,Female,159.178.214.38
42,Sigvard,Wicklen,swicklen15@illinois.edu,Genderfluid,22.28.162.2
43,Fidelio,Beecham,fbeecham16@mail.ru,Male,48.37.121.47
44,Sergio,Meade,smeade17@amazonaws.com,Male,148.255.207.61
45,Decca,Brownett,dbrownett18@cbc.ca,Male,175.217.136.176
46,Garey,Blethin,gblethin19@google.co.uk,Male,164.161.109.207
47,Sanson,Van den Oord,svandenoord1a@jigsy.com,Male,252.39.120.173
48,Wilfrid,Leate,wleate1b@amazon.co.uk,Male,153.11.8.115
49,Miguela,Fitch,mfitch1c@boston.com,Female,165.184.136.230
50,Rona,Croston,rcroston1d@meetup.com,Female,159.72.35.181
51,Ernestus,Lambot,elambot1e@topsy.com,Male,172.178.203.254
52,Barnabe,Damper,bdamper1f@ebay.com,Agender,226.75.233.255
53,Iago,Maton,imaton1g@google.co.jp,Male,240.212.80.90
54,Jude,O'Kelly,jokelly1h@discovery.com,Male,91.214.46.146
55,Mattie,Cluelow,mcluelow1i@elpais.com,Male,71.207.255.7
56,Talyah,Gounin,tgounin1j@microsoft.com,Female,178.240.165.13
57,Hieronymus,Hertwell,hhertwell1k@oracle.com,Male,171.74.125.15
58,Averil,Penrith,apenrith1l@hibu.com,Female,228.254.4.106
59,Sharia,Keyes,skeyes1m@lulu.com,Female,17.172.196.36
60,Yuma,Scutt,yscutt1n@paginegialle.it,Male,52.92.144.254
61,Graehme,Schurcke,gschurcke1o@icio.us,Male,232.152.53.18
62,Jules,Iacovazzi,jiacovazzi1p@statcounter.com,Male,87.155.251.224
63,Rhody,Telezhkin,rtelezhkin1q@networkadvertising.org,Polygender,136.5.7.101
64,Albie,Bothen,abothen1r@godaddy.com,Male,21.170.11.196
65,Clint,Cubbin,ccubbin1s@who.int,Male,166.58.63.143
66,Lea,Dimitriou,ldimitriou1t@mac.com,Female,142.164.189.85
67,Alfonse,Totterdill,atotterdill1u@plala.or.jp,Male,47.189.231.237
68,Renault,Ickovitz,rickovitz1v@wp.com,Male,15.101.238.116
69,Jefferey,Antoinet,jantoinet1w@usatoday.com,Male,214.195.125.61
70,Arlen,Dehm,adehm1x@example.com,Female,55.94.243.164
71,Kare,Cleveland,kcleveland1y@shareasale.com,Female,172.65.223.40
72,Consuela,Simeoni,csimeoni1z@tuttocitta.it,Female,237.233.219.93
73,Appolonia,Stockney,astockney20@mtv.com,Female,165.8.188.171
74,Arne,Toke,atoke21@europa.eu,Male,230.63.99.207
75,Francesco,Hodge,fhodge22@google.com,Male,34.223.30.234
76,Manny,Kropp,mkropp23@xinhuanet.com,Male,140.140.22.171
77,Malory,Melville,mmelville24@dot.gov,Female,38.246.128.73
78,Archibald,Aleksidze,aaleksidze25@go.com,Male,69.180.134.50
79,Midge,Suddick,msuddick26@xrea.com,Female,46.81.223.219
80,Arny,MacNockater,amacnockater27@yellowbook.com,Agender,62.2.189.28
81,Rowena,Manketell,rmanketell28@ucla.edu,Female,164.60.30.148
82,Sharon,Heasly,sheasly29@booking.com,Non-binary,6.192.149.137
83,Dredi,Labet,dlabet2a@istockphoto.com,Female,246.16.29.200
84,Liliane,Ballinger,lballinger2b@bloglines.com,Female,34.147.42.41
85,Maribel,Scoffins,mscoffins2c@altervista.org,Female,243.21.205.39
86,Gifford,Le Maitre,glemaitre2d@upenn.edu,Male,41.248.209.197
87,Cele,Maffy,cmaffy2e@ucoz.com,Female,66.96.232.55
88,Emmalynn,Cosgrive,ecosgrive2f@seesaa.net,Agender,211.170.162.242
89,Jocelyne,Ditter,jditter2g@gizmodo.com,Female,83.175.52.236
90,Averil,McHale,amchale2h@paginegialle.it,Male,62.120.215.135
91,Maxy,Rowntree,mrowntree2i@tumblr.com,Male,105.8.243.1
92,Vladamir,Staddart,vstaddart2j@ucla.edu,Male,119.60.122.159
93,Townie,MacGinley,tmacginley2k@youku.com,Male,66.154.188.14
94,Salmon,McAuley,smcauley2l@patch.com,Male,79.231.79.25
95,Cristian,McSkeagan,cmcskeagan2m@virginia.edu,Male,217.189.127.166
96,Reinald,Kidgell,rkidgell2n@slideshare.net,Male,220.163.121.96
97,Erasmus,Quincee,equincee2o@examiner.com,Male,207.207.60.31
98,Michale,Teaser,mteaser2p@ca.gov,Male,33.179.83.91
99,Blanca,McFeate,bmcfeate2q@squarespace.com,Female,31.108.166.46
100,Elianore,Maly,emaly2r@symantec.com,Female,189.15.36.38
101,Irv,Kubu,ikubu2s@angelfire.com,Male,110.74.111.175
102,Pepita,Sandever,psandever2t@nature.com,Female,52.42.238.177
103,Vassili,Connock,vconnock2u@columbia.edu,Male,162.41.25.45
104,Pier,Claessens,pclaessens2v@stumbleupon.com,Female,118.160.47.86
105,Darnall,Stoker,dstoker2w@netlog.com,Male,185.104.16.163
106,Jayme,Evershed,jevershed2x@usnews.com,Male,206.193.199.206
107,Anallese,Ornillos,aornillos2y@admin.ch,Female,46.52.205.152
108,Brynna,Fountaine,bfountaine2z@timesonline.co.uk,Female,14.171.13.102
109,Cory,Humbie,chumbie30@123-reg.co.uk,Female,254.46.124.16
110,Lionel,Bendall,lbendall31@oaic.gov.au,Male,134.108.132.90
111,Kirsteni,Backler,kbackler32@google.com,Female,82.46.117.21
112,Eleonore,Grigoliis,egrigoliis33@bbc.co.uk,Female,108.30.172.217
113,Josepha,Ruddell,jruddell34@sun.com,Female,0.28.59.27
114,Jake,Phizacklea,jphizacklea35@tinyurl.com,Male,24.88.134.123
115,Victoria,Pinkard,vpinkard36@skype.com,Genderfluid,142.145.41.164
116,Hamel,Watkins,hwatkins37@altervista.org,Male,233.178.216.214
117,Trueman,Honsch,thonsch38@elegantthemes.com,Male,79.14.14.235
118,Franny,Unsworth,funsworth39@nasa.gov,Female,218.195.185.65
119,Letta,Borsay,lborsay3a@nhs.uk,Female,88.93.57.109
120,Annabel,Witson,awitson3b@bloglines.com,Female,93.49.5.207
121,Lyon,McCaskill,lmccaskill3c@zimbio.com,Polygender,107.51.169.1
122,Jennie,Dallicott,jdallicott3d@youtu.be,Female,11.180.159.100
123,Gratia,Chung,gchung3e@usa.gov,Female,102.89.53.79
124,Netti,Woolager,nwoolager3f@privacy.gov.au,Genderqueer,119.149.142.13
125,Siffre,Rignoldes,srignoldes3g@jigsy.com,Male,130.132.133.30
126,Starr,Batts,sbatts3h@liveinternet.ru,Female,23.37.213.99
127,Mendie,Derrington,mderrington3i@marriott.com,Male,70.137.5.232
128,Cleve,Goodayle,cgoodayle3j@hibu.com,Male,196.11.239.142
129,Tristam,Ruzic,truzic3k@taobao.com,Male,2.178.120.84
130,Archer,Poxon,apoxon3l@creativecommons.org,Male,204.111.119.127
131,Dorella,Faircliffe,dfaircliffe3m@cdc.gov,Female,125.204.5.15
132,Celia,Gregoretti,cgregoretti3n@amazon.co.jp,Female,178.112.107.185
133,Pepita,Brand,pbrand3o@businessinsider.com,Female,34.41.118.59
134,Tina,Lillow,tlillow3p@sogou.com,Female,93.68.66.194
135,Salaidh,Spoward,sspoward3q@google.nl,Female,93.168.46.116
136,Sharia,Comini,scomini3r@smugmug.com,Female,43.254.94.218
137,Guillema,Heatley,gheatley3s@microsoft.com,Female,45.118.72.127
138,Freddie,Gillingwater,fgillingwater3t@t.co,Female,120.62.12.214
139,Stanislaus,McCroft,smccroft3u@webmd.com,Male,1.8.167.209
140,Marji,Francois,mfrancois3v@163.com,Female,207.64.66.4
141,Gibbie,Brahan,gbrahan3w@google.ru,Male,41.220.28.147
142,Flem,Berth,fberth3x@feedburner.com,Male,69.42.215.197
143,Sada,Wardel,swardel3y@amazon.co.jp,Female,236.113.124.254
144,Netty,Hazzard,nhazzard3z@cornell.edu,Female,40.52.181.191
145,Billy,Nern,bnern40@sourceforge.net,Male,131.249.240.56
146,Angelico,Sterricker,asterricker41@virginia.edu,Male,229.206.95.198
147,Lorain,Tebbit,ltebbit42@upenn.edu,Female,210.201.182.196
148,Terrence,Leavy,tleavy43@cmu.edu,Male,129.107.229.135
149,Aretha,Drury,adrury44@redcross.org,Female,237.255.168.53
150,Lianna,Ackrill,lackrill45@fema.gov,Female,184.9.52.66
151,Em,MacGinlay,emacginlay46@reference.com,Female,114.74.203.134
152,Sal,Friskey,sfriskey47@bloomberg.com,Male,211.59.225.84
153,Brenna,Imesson,bimesson48@biglobe.ne.jp,Female,65.54.12.202
154,Allie,Curado,acurado49@sciencedaily.com,Bigender,184.64.205.65
155,Sheelah,Knell,sknell4a@buzzfeed.com,Female,76.195.147.152
156,Aridatha,Oxberry,aoxberry4b@nbcnews.com,Non-binary,148.178.214.110
157,Spike,Simeon,ssimeon4c@ebay.co.uk,Male,30.48.168.30
158,Edvard,Androlli,eandrolli4d@networksolutions.com,Male,236.194.237.227
159,Dinah,Pattrick,dpattrick4e@wikimedia.org,Female,32.84.217.162
160,Madlin,Crang,mcrang4f@accuweather.com,Female,8.59.109.220
161,Kendal,Henden,khenden4g@washington.edu,Male,140.72.115.12
162,Arabella,Beckhurst,abeckhurst4h@dropbox.com,Female,56.20.252.145
163,Genovera,Tilling,gtilling4i@gov.uk,Genderqueer,226.165.181.241
164,Ashlen,MacGorman,amacgorman4j@deliciousdays.com,Female,45.246.97.136
165,Pincas,Lawfull,plawfull4k@51.la,Male,71.62.207.43
166,Kelby,Dyhouse,kdyhouse4l@redcross.org,Male,244.248.66.38
167,Mercy,O'Towey,motowey4m@posterous.com,Female,192.212.0.45
168,Alie,Mintoff,amintoff4n@artisteer.com,Female,16.107.83.166
169,Frankie,Hargie,fhargie4o@npr.org,Non-binary,185.210.17.88
170,Eulalie,Shreenan,eshreenan4p@theguardian.com,Female,59.187.141.37
171,Harlen,Garland,hgarland4q@ocn.ne.jp,Male,104.184.21.153
172,Josselyn,Levay,jlevay4r@usnews.com,Female,163.206.207.98
173,Elvis,Yakunin,eyakunin4s@cbsnews.com,Male,114.104.80.88
174,Aurelea,Louche,alouche4t@craigslist.org,Female,113.176.84.165
175,Aeriela,Lammie,alammie4u@apple.com,Female,197.239.145.154
176,Sybila,Halshaw,shalshaw4v@msu.edu,Genderfluid,206.42.250.56
177,Hally,Osbidston,hosbidston4w@toplist.cz,Female,168.126.158.51
178,Xylina,Sayles,xsayles4x@github.com,Female,204.177.117.225
179,Glynis,Flinn,gflinn4y@dailymail.co.uk,Female,200.211.64.167
180,Georgina,Riccetti,griccetti4z@cdbaby.com,Female,168.57.250.125
181,Katy,De Dei,kdedei50@wikia.com,Female,164.200.217.140
182,Luis,Boak,lboak51@spiegel.de,Male,125.121.33.186
183,Beaufort,Surman-Wells,bsurmanwells52@mozilla.org,Polygender,196.158.97.201
184,Tyson,Newlyn,tnewlyn53@answers.com,Male,16.126.106.22
185,Elysee,Tungay,etungay54@java.com,Female,47.186.156.188
186,Agata,Costerd,acosterd55@devhub.com,Female,74.42.233.227
187,Richard,Dymocke,rdymocke56@ucoz.ru,Male,30.175.196.238
188,Sheilakathryn,Shorie,sshorie57@tmall.com,Female,40.201.161.197
189,Merilee,Coursor,mcoursor58@marriott.com,Female,39.37.40.114
190,Gwenni,Carrett,gcarrett59@unblog.fr,Female,180.251.254.240
191,Karin,Alvin,kalvin5a@chron.com,Female,43.155.74.100
192,Phyllys,Braycotton,pbraycotton5b@answers.com,Female,10.47.161.225
193,Kane,Onion,konion5c@webeden.co.uk,Male,179.214.186.62
194,Osborn,Sweett,osweett5d@creativecommons.org,Male,20.174.30.36
195,Saundra,Cocker,scocker5e@amazon.co.uk,Female,84.99.14.42
196,Rafe,Sambrok,rsambrok5f@wikia.com,Male,182.9.30.112
197,Nike,Biggadyke,nbiggadyke5g@vistaprint.com,Female,112.75.161.255
198,Harriot,Newcome,hnewcome5h@cnbc.com,Female,26.201.244.183
199,Modestia,Lemmanbie,mlemmanbie5i@blogspot.com,Female,225.76.6.197
200,Daryn,Belliard,dbelliard5j@ebay.co.uk,Female,218.40.50.113
201,Kata,Binham,kbinham5k@yellowbook.com,Female,166.159.143.237
202,Nancey,Costello,ncostello5l@quantcast.com,Female,52.54.70.216
203,Minnnie,Morsey,mmorsey5m@fema.gov,Female,174.121.99.140
204,Clay,Soutar,csoutar5n@pcworld.com,Male,195.57.94.38
205,Merrill,Goode,mgoode5o@utexas.edu,Female,73.232.235.36
206,Lexine,Stovell,lstovell5p@zdnet.com,Non-binary,169.123.250.53
207,Kenna,Ionnisian,kionnisian5q@eventbrite.com,Female,182.206.248.220
208,Emmeline,Melrose,emelrose5r@dailymotion.com,Female,79.26.127.231
209,Melisenda,Grovier,mgrovier5s@flavors.me,Female,115.175.22.22
210,Emmery,Gooderham,egooderham5t@dot.gov,Male,102.133.172.113
211,Marnia,Odom,modom5u@bloglovin.com,Female,64.231.28.41
212,Evey,Guillem,eguillem5v@sina.com.cn,Female,229.3.155.99
213,Betteann,Sayce,bsayce5w@wordpress.org,Female,32.170.223.34
214,Garrek,Threlfall,gthrelfall5x@google.com.au,Male,131.163.129.182
215,Jocko,Logue,jlogue5y@google.ca,Male,168.144.59.118
216,Giustino,Musto,gmusto5z@deviantart.com,Male,87.137.123.151
217,Regan,McEnteggart,rmcenteggart60@businessweek.com,Female,90.219.111.192
218,Thorstein,Steart,tsteart61@t-online.de,Male,235.245.208.106
219,Etan,Lenham,elenham62@ihg.com,Male,25.82.85.89
220,Mollee,Joul,mjoul63@apple.com,Female,85.131.194.243
221,Bern,Fust,bfust64@diigo.com,Male,185.113.236.54
222,Dacey,Vahl,dvahl65@zdnet.com,Female,26.209.5.167
223,Rolph,Sangwin,rsangwin66@ucla.edu,Male,154.94.236.34
224,Laurent,Leynham,lleynham67@apache.org,Male,179.96.84.224
225,Lurette,Baxster,lbaxster68@craigslist.org,Female,103.82.159.202
226,Abner,Ugoletti,augoletti69@last.fm,Male,140.140.219.199
227,Shane,Lowthorpe,slowthorpe6a@artisteer.com,Female,130.75.132.125
228,Launce,Favill,lfavill6b@pbs.org,Male,38.233.177.43
229,Trixie,Belderfield,tbelderfield6c@networksolutions.com,Female,109.92.128.128
230,Meredeth,Menicomb,mmenicomb6d@ftc.gov,Male,6.101.49.1
231,Miof mela,Toma,mtoma6e@ucsd.edu,Female,63.5.158.42
232,Helaine,Stern,hstern6f@loc.gov,Female,53.214.163.152
233,Jae,Weyman,jweyman6g@dailymotion.com,Male,85.83.238.67
234,Pren,Grinishin,pgrinishin6h@com.com,Male,110.108.151.174
235,Terese,Acors,tacors6i@google.com.br,Female,227.89.138.250
236,Cecilio,Endrizzi,cendrizzi6j@nasa.gov,Male,143.134.118.191
237,Max,Ronald,mronald6k@tmall.com,Male,201.151.42.183
238,Kakalina,Satteford,ksatteford6l@smugmug.com,Bigender,12.124.40.183
239,Dre,Hegden,dhegden6m@geocities.com,Female,194.122.157.101
240,Berrie,Kenderdine,bkenderdine6n@wired.com,Female,99.46.240.4
241,Ax,Stilgo,astilgo6o@oakley.com,Male,9.171.13.127
242,Heddie,Theyer,htheyer6p@cmu.edu,Female,225.156.116.234
243,Trix,Tarply,ttarply6q@free.fr,Female,114.173.149.143
244,Lowrance,Corhard,lcorhard6r@kickstarter.com,Male,181.226.159.74
245,Cynthie,Davidovitz,cdavidovitz6s@live.com,Female,245.161.230.162
246,Vincenty,McIlroy,vmcilroy6t@joomla.org,Male,211.102.237.205
247,Merilee,Minget,mminget6u@hibu.com,Female,176.112.237.134
248,Harley,Muehle,hmuehle6v@sina.com.cn,Female,84.51.253.211
249,Kelly,Bucktharp,kbucktharp6w@mit.edu,Female,194.218.237.70
250,Elroy,Ayscough,eayscough6x@wisc.edu,Male,34.98.192.81
251,Sibyl,Free,sfree6y@studiopress.com,Male,103.125.55.213
252,Blithe,Oldfield-Cherry,boldfieldcherry6z@blog.com,Female,242.157.154.244
253,Albina,Littleover,alittleover70@hc360.com,Female,81.193.199.206
254,Roshelle,Bloxam,rbloxam71@amazon.com,Female,59.186.220.239
255,Dunstan,Borrel,dborrel72@newsvine.com,Genderqueer,95.185.202.69
256,Leanor,Yoxen,lyoxen73@umn.edu,Female,244.156.70.138
257,Lester,Flitcroft,lflitcroft74@sakura.ne.jp,Male,120.40.23.51
258,Sandra,Iacovielli,siacovielli75@fda.gov,Female,249.165.238.207
259,Grazia,Einchcombe,geinchcombe76@wisc.edu,Bigender,176.107.164.180
260,Gratiana,Wakes,gwakes77@studiopress.com,Bigender,208.178.240.58
261,Evelyn,Antat,eantat78@qq.com,Male,196.237.247.70
262,Batsheva,Whylie,bwhylie79@dion.ne.jp,Female,83.147.189.192
263,Allan,Matresse,amatresse7a@whitehouse.gov,Male,150.220.62.209
264,Quentin,Calvey,qcalvey7b@naver.com,Non-binary,117.51.214.62
265,Trevar,McEvoy,tmcevoy7c@usgs.gov,Male,167.88.193.103
266,Philippa,Freckleton,pfreckleton7d@berkeley.edu,Female,58.146.108.140
267,Hildegarde,Gilliland,hgilliland7e@1688.com,Female,110.113.10.57
268,Brita,Blesli,bblesli7f@umn.edu,Female,66.73.250.124
269,Claudelle,Huckerbe,chuckerbe7g@usda.gov,Female,130.95.42.207
270,Peterus,Pleavin,ppleavin7h@bigcartel.com,Male,163.127.251.156
271,Tiebold,Norvel,tnorvel7i@jigsy.com,Male,241.135.148.34
272,Kylila,Harkin,kharkin7j@aboutads.info,Female,149.116.42.137
273,Eliza,Bradwell,ebradwell7k@rambler.ru,Agender,140.98.176.182
274,Shae,Ratie,sratie7l@fda.gov,Female,240.74.112.122
275,Calli,Betteney,cbetteney7m@umich.edu,Female,14.126.27.36
276,Lulita,Raven,lraven7n@craigslist.org,Female,55.20.184.177
277,Priscella,Padgett,ppadgett7o@over-blog.com,Female,74.13.82.153
278,Nehemiah,Baltrushaitis,nbaltrushaitis7p@i2i.jp,Male,149.0.120.110
279,Dena,Gierhard,dgierhard7q@boston.com,Female,174.233.41.50
280,Ilaire,McIlvenny,imcilvenny7r@who.int,Male,195.226.106.169
281,Raynard,Ever,rever7s@fotki.com,Male,6.182.198.30
282,Rosina,Altofts,raltofts7t@cornell.edu,Female,89.7.218.177
283,Elsinore,Bargh,ebargh7u@salon.com,Female,237.87.196.32
284,Casie,Guidotti,cguidotti7v@people.com.cn,Female,96.196.233.111
285,Garik,Fairfoul,gfairfoul7w@cnbc.com,Male,201.74.110.235
286,Viviyan,Daysh,vdaysh7x@tumblr.com,Female,154.11.25.29
287,Glory,Enticknap,genticknap7y@quantcast.com,Female,132.109.254.123
288,Arin,Whate,awhate7z@cbslocal.com,Male,187.135.168.170
289,Jere,Phant,jphant80@networkadvertising.org,Female,134.165.214.152
290,Risa,Bigham,rbigham81@elpais.com,Female,94.74.117.219
291,Skipp,Outlaw,soutlaw82@elegantthemes.com,Agender,204.165.255.85
292,Osbert,Dunsmore,odunsmore83@sfgate.com,Male,125.246.97.241
293,Dale,Phipard-Shears,dphipardshears84@360.cn,Female,78.14.241.134
294,Sholom,Dunsire,sdunsire85@soup.io,Male,224.93.221.199
295,Trumann,Northedge,tnorthedge86@blog.com,Male,6.187.43.113
296,Gerhard,Soan,gsoan87@google.pl,Male,47.31.126.60
297,Alexine,Jaimez,ajaimez88@blog.com,Female,31.160.155.153
298,Tracie,Redmond,tredmond89@nasa.gov,Female,39.166.88.118
299,Nellie,Hearon,nhearon8a@si.edu,Female,128.118.36.104
300,Hugo,Bullard,hbullard8b@virginia.edu,Male,213.124.146.248
301,Farr,Enders,fenders8c@vk.com,Male,106.103.174.57
302,Tedie,Hellin,thellin8d@newsvine.com,Male,220.112.155.171
303,Drusilla,Yeats,dyeats8e@admin.ch,Female,38.26.125.205
304,Phillie,Lenoir,plenoir8f@google.es,Female,237.235.84.139
305,Nickolaus,McMenamy,nmcmenamy8g@google.co.uk,Male,146.210.50.177
306,Nikolas,Deathridge,ndeathridge8h@unesco.org,Male,167.208.6.43
307,Galvan,Gerdts,ggerdts8i@adobe.com,Male,245.94.91.148
308,Merrilee,Winterflood,mwinterflood8j@geocities.com,Female,213.87.245.254
309,Garek,Handrock,ghandrock8k@geocities.com,Male,203.83.80.233
310,Bud,Shelmerdine,bshelmerdine8l@indiegogo.com,Male,34.67.2.166
311,Kamilah,de Clerc,kdeclerc8m@buzzfeed.com,Female,88.27.186.15
312,Floyd,Pickles,fpickles8n@yelp.com,Male,128.46.159.160
313,Angelico,Tanswill,atanswill8o@barnesandnoble.com,Agender,89.195.176.163
314,Shelley,Briskey,sbriskey8p@aol.com,Female,22.30.48.54
315,Gerianne,Fludder,gfludder8q@mail.ru,Agender,221.12.19.146
316,Laurens,Mahoney,lmahoney8r@over-blog.com,Male,26.247.67.11
317,Alair,Dahler,adahler8s@ca.gov,Male,23.61.236.248
318,Tonya,Bell,tbell8t@hc360.com,Female,163.176.50.182
319,Lombard,Francillo,lfrancillo8u@house.gov,Male,34.150.147.22
320,Rubie,Checcucci,rcheccucci8v@wired.com,Female,87.62.74.99
321,Darline,Bispo,dbispo8w@cafepress.com,Female,157.177.79.24
322,Ailbert,Fishley,afishley8x@noaa.gov,Male,18.244.229.145
323,Nealy,Yeliashev,nyeliashev8y@amazon.com,Male,9.47.93.185
324,Galvan,Stotherfield,gstotherfield8z@jugem.jp,Male,89.254.94.18
325,Danna,Wyson,dwyson90@networkadvertising.org,Female,92.253.95.149
326,Valentino,Ridley,vridley91@naver.com,Male,122.173.140.212
327,Gina,Scholling,gscholling92@bandcamp.com,Female,197.67.197.1
328,Izaak,Simmans,isimmans93@bloglovin.com,Male,22.162.164.208
329,Madelin,Polet,mpolet94@yandex.ru,Female,246.63.28.1
330,Briant,Kebbell,bkebbell95@samsung.com,Male,3.201.185.19
331,Misha,Argont,margont96@domainmarket.com,Female,195.234.6.133
332,Frasquito,Slaney,fslaney97@businesswire.com,Male,71.148.43.123
333,Frannie,Siflet,fsiflet98@oaic.gov.au,Female,168.46.245.222
334,Carce,Baudesson,cbaudesson99@twitter.com,Male,91.49.54.32
335,Gram,Chastan,gchastan9a@cdbaby.com,Male,6.244.100.255
336,Dixie,Cometto,dcometto9b@craigslist.org,Female,211.189.150.106
337,Dionne,Doy,ddoy9c@sogou.com,Female,168.72.44.204
338,Portia,Goatcher,pgoatcher9d@dyndns.org,Female,124.28.51.152
339,Myron,Hayth,mhayth9e@bbc.co.uk,Male,197.213.22.104
340,Alidia,Padley,apadley9f@walmart.com,Female,69.45.172.223
341,Rhea,Scargle,rscargle9g@foxnews.com,Female,183.188.200.251
342,Leopold,Folkes,lfolkes9h@dot.gov,Male,29.9.224.182
343,Anabella,Hatliffe,ahatliffe9i@lycos.com,Female,28.155.101.71
344,Glynnis,Phythian,gphythian9j@mail.ru,Female,128.108.161.46
345,Pattin,Kovelmann,pkovelmann9k@t.co,Male,96.252.210.237
346,Prisca,Chritchley,pchritchley9l@theatlantic.com,Female,168.33.90.234
347,Regina,Veracruysse,rveracruysse9m@furl.net,Female,48.28.173.81
348,Aliza,Cavell,acavell9n@chronoengine.com,Agender,109.227.35.188
349,Hamil,Blethyn,hblethyn9o@godaddy.com,Male,229.105.26.20
350,Delphinia,Baiss,dbaiss9p@wikimedia.org,Female,7.47.179.132
351,Abigael,Goodright,agoodright9q@youtu.be,Female,93.17.36.100
352,Cynthia,Dooher,cdooher9r@latimes.com,Female,174.236.111.136
353,Harmonia,Brackley,hbrackley9s@opera.com,Female,197.27.100.115
354,Erskine,Jolley,ejolley9t@uol.com.br,Male,241.22.135.86
355,Felicity,Goneau,fgoneau9u@slate.com,Female,248.127.249.76
356,Carleton,Lanaway,clanaway9v@canalblog.com,Male,253.156.204.219
357,Ryann,McConaghy,rmcconaghy9w@ebay.com,Female,174.22.231.114
358,Jordon,Tunnoch,jtunnoch9x@ox.ac.uk,Male,44.11.34.209
359,Diarmid,Scholer,dscholer9y@pcworld.com,Bigender,84.25.158.97
360,Daryl,Yearnes,dyearnes9z@eepurl.com,Female,202.127.69.30
361,Connie,Crownshaw,ccrownshawa0@howstuffworks.com,Male,142.87.65.250
362,Mayne,Duval,mduvala1@dailymail.co.uk,Male,57.43.202.244
363,Melloney,Statham,mstathama2@harvard.edu,Female,0.131.168.164
364,Brendin,Gowlett,bgowletta3@cloudflare.com,Male,214.84.169.106
365,Arley,Fransoni,afransonia4@who.int,Male,58.74.42.77
366,Tildy,Faulkner,tfaulknera5@constantcontact.com,Female,247.144.91.96
367,Anna-diane,Print,aprinta6@webs.com,Genderfluid,53.164.234.14
368,Raleigh,Wallsam,rwallsama7@stanford.edu,Male,34.251.238.251
369,Kirstin,Footitt,kfootitta8@patch.com,Genderfluid,58.126.157.16
370,Nichole,Grindle,ngrindlea9@quantcast.com,Male,160.55.29.86
371,Darcy,Blackledge,dblackledgeaa@nbcnews.com,Polygender,168.216.127.3
372,Mario,Vere,mvereab@sina.com.cn,Male,45.65.73.215
373,Ernest,Eskrigg,eeskriggac@netscape.com,Male,198.102.204.202
374,Chico,Gert,cgertad@eepurl.com,Male,71.95.128.251
375,Niki,Terram,nterramae@feedburner.com,Male,17.83.105.125
376,Kinsley,Atyea,katyeaaf@state.gov,Male,121.228.242.110
377,Alvie,Heald,ahealdag@google.co.jp,Male,231.39.19.42
378,North,Brosoli,nbrosoliah@va.gov,Male,27.169.182.204
379,Nikolas,Beecker,nbeeckerai@mozilla.org,Male,210.199.50.50
380,Zeb,Alastair,zalastairaj@gnu.org,Genderqueer,251.202.27.244
381,Rowe,Bener,rbenerak@webeden.co.uk,Polygender,232.232.228.250
382,Redford,Kieff,rkieffal@scribd.com,Male,179.33.20.113
383,Guinna,Tiler,gtileram@123-reg.co.uk,Female,93.235.224.241
384,Ede,Abbett,eabbettan@meetup.com,Female,41.96.216.168
385,Mable,Thomassen,mthomassenao@irs.gov,Female,173.137.63.176
386,Selby,Doree,sdoreeap@stumbleupon.com,Non-binary,199.34.195.214
387,Karel,Condon,kcondonaq@economist.com,Male,228.200.231.27
388,Britt,Hindrich,bhindrichar@tiny.cc,Male,43.60.24.43
389,Berry,Kuhlen,bkuhlenas@taobao.com,Female,217.85.101.254
390,Isac,Doige,idoigeat@mozilla.org,Male,244.48.254.38
391,Verna,Instrell,vinstrellau@sakura.ne.jp,Female,211.177.78.203
392,Shanie,Rubinsztein,srubinszteinav@plala.or.jp,Female,61.136.68.56
393,Lisa,Brunsden,lbrunsdenaw@ycombinator.com,Female,177.69.170.38
394,Daisey,Morrad,dmorradax@intel.com,Female,139.66.238.162
395,Burk,Ruggieri,bruggieriay@live.com,Male,136.119.128.229
396,Englebert,Flecknoe,eflecknoeaz@infoseek.co.jp,Male,30.69.171.133
397,Kaitlyn,Manby,kmanbyb0@businesswire.com,Female,220.75.200.63
398,Gene,Egar,gegarb1@nyu.edu,Male,156.244.103.145
399,Daryl,Roo,droob2@soundcloud.com,Male,156.177.22.255
400,Devi,Sute,dsuteb3@privacy.gov.au,Polygender,56.16.115.125
401,Ariela,Eustace,aeustaceb4@newyorker.com,Female,47.212.240.16
402,Nada,Crompton,ncromptonb5@posterous.com,Female,16.181.209.47
403,Jerrilyn,Govini,jgovinib6@abc.net.au,Female,158.147.113.135
404,Isidor,Philippard,iphilippardb7@europa.eu,Male,170.13.69.120
405,Bald,Kleeborn,bkleebornb8@unc.edu,Male,247.174.250.250
406,Malanie,Ableson,mablesonb9@army.mil,Female,67.244.133.145
407,Shayne,Methingam,smethingamba@bloomberg.com,Male,108.187.177.210
408,Ellie,Sainer,esainerbb@rediff.com,Female,14.32.18.168
409,Paulo,Bonniface,pbonnifacebc@sbwire.com,Male,98.184.133.111
410,Hestia,Hebson,hhebsonbd@histats.com,Female,200.218.154.242
411,Jodie,Pick,jpickbe@pen.io,Male,46.232.221.139
412,Puff,Fairlem,pfairlembf@china.com.cn,Male,201.147.25.72
413,Isaiah,Monckman,imonckmanbg@unblog.fr,Genderqueer,109.104.255.112
414,Annnora,Wonter,awonterbh@t.co,Non-binary,204.220.42.174
415,Mickey,Scarisbrick,mscarisbrickbi@infoseek.co.jp,Male,2.154.36.4
416,Erl,Extall,eextallbj@jimdo.com,Male,64.64.230.118
417,Joyous,Cruden,jcrudenbk@etsy.com,Female,48.130.219.222
418,Lisette,Benbrick,lbenbrickbl@gov.uk,Non-binary,43.229.95.65
419,Leola,Finlan,lfinlanbm@epa.gov,Female,158.82.29.237
420,Dona,Shiers,dshiersbn@google.pl,Female,4.95.68.111
421,Miner,Cunney,mcunneybo@goo.ne.jp,Male,173.65.74.182
422,Dirk,Downing,ddowningbp@engadget.com,Male,99.203.239.93
423,Casie,Brettoner,cbrettonerbq@vkontakte.ru,Female,179.190.4.236
424,Alexandr,Illwell,aillwellbr@amazonaws.com,Male,160.33.237.130
425,Tedman,Gierth,tgierthbs@paypal.com,Male,60.162.202.59
426,Gardy,Elner,gelnerbt@theglobeandmail.com,Male,215.195.66.72
427,Camille,Duffit,cduffitbu@ucsd.edu,Female,103.208.150.158
428,Mikey,Kington,mkingtonbv@skyrock.com,Male,171.185.9.126
429,Aggie,Haggus,ahaggusbw@elegantthemes.com,Female,106.173.129.66
430,Dillie,Walework,dwaleworkbx@ning.com,Male,41.123.56.226
431,Celestia,Fochs,cfochsby@bigcartel.com,Female,90.149.246.243
432,Emelen,Jerram,ejerrambz@barnesandnoble.com,Male,93.5.97.217
433,Genvieve,Chin,gchinc0@typepad.com,Female,36.73.107.156
434,Janka,Coslett,jcoslettc1@addthis.com,Female,101.125.201.62
435,Vitia,Claris,vclarisc2@uol.com.br,Female,254.136.108.232
436,Hollis,Powe,hpowec3@posterous.com,Male,206.204.217.150
437,Kellen,Everington,keveringtonc4@facebook.com,Male,135.203.147.72
438,Chelsey,Kinge,ckingec5@google.ca,Female,102.54.153.227
439,Morena,Brownjohn,mbrownjohnc6@reddit.com,Female,27.238.223.98
440,Tucky,Pock,tpockc7@google.fr,Male,142.86.243.169
441,Chalmers,Oxbie,coxbiec8@constantcontact.com,Male,10.117.113.175
442,Dori,Kynan,dkynanc9@usnews.com,Female,190.192.96.45
443,Olva,Fewell,ofewellca@spotify.com,Bigender,126.195.106.48
444,Reinold,Giriardelli,rgiriardellicb@weibo.com,Male,200.171.41.14
445,Michale,Ivain,mivaincc@hostgator.com,Male,230.13.123.191
446,Bennett,Speechly,bspeechlycd@nbcnews.com,Male,77.203.108.92
447,Barclay,Heliot,bheliotce@google.cn,Male,224.246.26.164
448,Eziechiele,Kitt,ekittcf@smh.com.au,Male,151.73.207.122
449,Rog,Penhaleurack,rpenhaleurackcg@paginegialle.it,Male,178.31.147.91
450,Parke,Ferron,pferronch@bloglines.com,Non-binary,186.205.20.89
451,Cirillo,Vockings,cvockingsci@blogger.com,Male,129.31.169.97
452,Charleen,Beynkn,cbeynkncj@ow.ly,Female,216.210.19.42
453,Willi,Eloy,weloyck@google.pl,Male,234.146.23.69
454,Herve,Smylie,hsmyliecl@house.gov,Male,175.70.238.145
455,Krysta,Rigard,krigardcm@miibeian.gov.cn,Female,16.220.113.70
456,Karney,Denyakin,kdenyakincn@altervista.org,Genderfluid,33.23.202.213
457,Daveta,Wiles,dwilesco@yahoo.co.jp,Female,23.11.167.33
458,Mady,Thorneley,mthorneleycp@bloomberg.com,Agender,132.26.146.141
459,Kym,Haveline,khavelinecq@wired.com,Female,126.38.215.12
460,Milty,Frowde,mfrowdecr@harvard.edu,Male,48.170.150.77
461,Kiel,Denniston,kdennistoncs@clickbank.net,Male,94.97.230.195
462,Tressa,Coyne,tcoynect@nasa.gov,Female,158.174.246.227
463,Nicoline,Elphick,nelphickcu@usnews.com,Female,122.158.216.137
464,Tessa,Sommerville,tsommervillecv@gravatar.com,Female,6.228.250.13
465,Cointon,Ferri,cferricw@harvard.edu,Male,255.183.0.17
466,Vachel,Gandley,vgandleycx@blog.com,Male,149.80.9.89
467,Farra,Gemson,fgemsoncy@tmall.com,Female,223.183.12.18
468,Demeter,Metterick,dmetterickcz@alexa.com,Female,47.166.220.17
469,Willyt,Arminger,warmingerd0@etsy.com,Female,99.99.138.191
470,Rhody,Gasson,rgassond1@theguardian.com,Female,68.203.225.41
471,Andree,Rennebach,arennebachd2@ox.ac.uk,Female,60.240.53.210
472,Myriam,Dinsell,mdinselld3@huffingtonpost.com,Female,243.115.41.29
473,Lena,Swanbourne,lswanbourned4@ucoz.com,Female,25.73.179.32
474,Fabe,Jirusek,fjirusekd5@pagesperso-orange.fr,Male,54.57.135.11
475,Linda,Rudman,lrudmand6@hugedomains.com,Female,152.32.124.76
476,Matteo,Kennelly,mkennellyd7@infoseek.co.jp,Male,143.67.200.126
477,Loralie,Matonin,lmatonind8@hexun.com,Female,237.144.160.229
478,Cathee,Doumic,cdoumicd9@digg.com,Female,55.151.18.41
479,Radcliffe,Ellard,rellardda@buzzfeed.com,Male,213.225.62.84
480,Delainey,Veel,dveeldb@slate.com,Male,10.57.211.224
481,Tyrone,Rawkesby,trawkesbydc@bravesites.com,Male,144.114.182.149
482,Neal,Guitonneau,nguitonneaudd@archive.org,Male,169.219.21.135
483,Ange,Verson,aversonde@apache.org,Female,174.176.200.5
484,Sheila,Bernier,sbernierdf@i2i.jp,Female,188.119.240.81
485,Barty,Valentinuzzi,bvalentinuzzidg@disqus.com,Male,79.96.193.18
486,Sergio,Dollimore,sdollimoredh@newsvine.com,Male,192.100.13.191
487,Sayers,Rigeby,srigebydi@jalbum.net,Male,22.111.182.113
488,Donavon,Stooders,dstoodersdj@hostgator.com,Male,191.117.17.238
489,Kylie,Wackett,kwackettdk@w3.org,Male,204.73.57.153
490,Cosimo,Stambridge,cstambridgedl@spotify.com,Male,204.63.247.39
491,Magdalen,Bedboro,mbedborodm@pbs.org,Female,198.17.69.36
492,Nicolea,Hearnshaw,nhearnshawdn@devhub.com,Female,73.222.66.3
493,Debbi,Cooksey,dcookseydo@bbb.org,Female,210.105.218.228
494,Moreen,Byrkmyr,mbyrkmyrdp@ucsd.edu,Female,231.33.178.190
495,Cale,Edinburgh,cedinburghdq@theglobeandmail.com,Male,63.104.147.124
496,Anabel,Casarino,acasarinodr@nih.gov,Female,2.90.141.78
497,Glad,Dawid,gdawidds@zimbio.com,Female,2.135.234.239
498,Allyce,Klebes,aklebesdt@purevolume.com,Female,125.26.147.190
499,Herbie,Dunckley,hdunckleydu@blinklist.com,Male,7.132.158.182
500,Staford,Kobsch,skobschdv@kickstarter.com,Male,91.183.64.216
501,Jozef,Ceeley,jceeleydw@canalblog.com,Male,171.197.49.159
502,Gertrud,Jump,gjumpdx@wsj.com,Female,147.152.81.92
503,Hagen,Eglese,heglesedy@nba.com,Male,44.137.84.181
504,Ali,Mossman,amossmandz@alexa.com,Female,6.66.200.202
505,Brit,Sukbhans,bsukbhanse0@storify.com,Male,154.177.6.62
506,Charyl,Dain,cdaine1@ucoz.com,Female,127.99.172.143
507,Valentia,McCart,vmccarte2@angelfire.com,Female,150.247.122.196
508,Adriena,Blincow,ablincowe3@wp.com,Female,107.168.52.7
509,Vonny,Hussey,vhusseye4@lulu.com,Female,121.204.123.147
510,Jaynell,Bennison,jbennisone5@accuweather.com,Female,238.5.41.56
511,Rosy,Alliston,rallistone6@cornell.edu,Female,199.210.168.0
512,Worthington,Iacomo,wiacomoe7@youtube.com,Male,182.67.197.117
513,Erl,D'Aguanno,edaguannoe8@ucla.edu,Male,169.11.107.250
514,Rossy,Coltart,rcoltarte9@pcworld.com,Male,68.223.184.247
515,Veradis,Meeland,vmeelandea@wikispaces.com,Female,34.18.101.57
516,Dov,Hintzer,dhintzereb@paypal.com,Male,121.213.66.253
517,Dion,Merring,dmerringec@unesco.org,Female,184.245.211.154
518,Lenard,Blincko,lblinckoed@techcrunch.com,Genderfluid,251.179.199.70
519,Carol-jean,Klimentyonok,cklimentyonokee@multiply.com,Female,129.176.134.248
520,Teriann,Maskelyne,tmaskelyneef@livejournal.com,Female,107.65.5.105
521,Jarret,Danbi,jdanbieg@gov.uk,Male,164.251.65.109
522,Dinny,Abby,dabbyeh@reverbnation.com,Female,137.57.101.255
523,Desiri,Wicklin,dwicklinei@hhs.gov,Female,213.121.2.163
524,Ilyssa,Towll,itowllej@oaic.gov.au,Agender,47.102.149.151
525,Jamill,Childers,jchildersek@a8.net,Male,133.95.236.146
526,Renault,Michel,rmichelel@miitbeian.gov.cn,Male,131.202.98.37
527,Rickard,Mulqueen,rmulqueenem@earthlink.net,Male,28.117.115.145
528,Missy,Stirton,mstirtonen@sciencedirect.com,Female,121.199.166.118
529,Roda,Sherborn,rsherborneo@nydailynews.com,Polygender,56.11.181.125
530,Caprice,Bourdis,cbourdisep@npr.org,Female,175.31.73.10
531,Keriann,Gartside,kgartsideeq@comsenz.com,Female,220.86.141.224
532,Moritz,Bysshe,mbyssheer@un.org,Male,238.135.11.122
533,Uta,Badby,ubadbyes@columbia.edu,Female,29.28.230.128
534,Dallon,Booy,dbooyet@google.ca,Male,191.196.139.43
535,Torrance,Dugall,tdugalleu@prlog.org,Male,101.73.149.109
536,Josefa,Corona,jcoronaev@imdb.com,Female,80.136.20.17
537,Rosanne,Neaves,rneavesew@webs.com,Female,232.214.181.110
538,Ina,Gook,igookex@dailymail.co.uk,Female,34.231.71.133
539,Lainey,Feldhorn,lfeldhorney@vimeo.com,Female,118.189.226.149
540,Rey,Cufley,rcufleyez@hubpages.com,Male,61.4.49.86
541,Jacklin,Francomb,jfrancombf0@qq.com,Female,83.234.241.196
542,Maddy,Juniper,mjuniperf1@privacy.gov.au,Female,199.213.82.132
543,Sophie,Lawlor,slawlorf2@gov.uk,Female,164.146.181.167
544,Bryan,Rehorek,brehorekf3@soundcloud.com,Male,92.95.0.6
545,Annetta,Beedham,abeedhamf4@ebay.co.uk,Female,234.151.103.0
546,Monique,Excell,mexcellf5@lulu.com,Female,23.182.231.235
547,Felizio,Maybey,fmaybeyf6@cnbc.com,Male,202.250.36.237
548,Staffard,Scoggan,sscogganf7@discovery.com,Male,35.82.198.155
549,Eduard,Dewdney,edewdneyf8@lulu.com,Male,169.152.168.67
550,Jamill,Bowfin,jbowfinf9@merriam-webster.com,Male,172.223.51.37
551,Cord,Bourtoumieux,cbourtoumieuxfa@unc.edu,Male,132.203.125.247
552,Erastus,Antunes,eantunesfb@craigslist.org,Male,249.142.225.175
553,Terrell,Erangey,terangeyfc@wikispaces.com,Male,96.90.205.78
554,Rosamund,Beringer,rberingerfd@shareasale.com,Female,70.8.2.135
555,Tera,Popham,tpophamfe@constantcontact.com,Bigender,7.164.221.135
556,Erminie,Kolczynski,ekolczynskiff@ft.com,Female,191.34.86.13
557,Bernita,Kingdon,bkingdonfg@yandex.ru,Female,131.221.116.64
558,Anton,Shelper,ashelperfh@webnode.com,Male,4.225.167.199
559,Mommy,Walch,mwalchfi@ftc.gov,Female,9.220.217.240
560,Guillaume,Kenchington,gkenchingtonfj@rambler.ru,Male,29.5.176.201
561,Ketti,Parkisson,kparkissonfk@dmoz.org,Genderqueer,99.191.86.34
562,Chiarra,Stanborough,cstanboroughfl@dot.gov,Female,123.159.76.182
563,Tanitansy,Pinnocke,tpinnockefm@pagesperso-orange.fr,Female,41.159.119.212
564,Bruis,Uridge,buridgefn@google.fr,Male,39.94.126.209
565,Aurore,Grishakov,agrishakovfo@example.com,Female,179.231.15.30
566,Conny,Colebrook,ccolebrookfp@cdbaby.com,Male,28.179.96.180
567,Matteo,Stredder,mstredderfq@ft.com,Male,157.181.104.6
568,Debbie,Gonsalo,dgonsalofr@nymag.com,Female,91.176.44.254
569,Sibella,Bigland,sbiglandfs@google.it,Female,213.199.115.174
570,Robina,Bartelet,rbarteletft@addthis.com,Female,93.216.212.22
571,Juanita,Taplow,jtaplowfu@umich.edu,Female,30.14.35.19
572,Emlen,Whisker,ewhiskerfv@shutterfly.com,Male,228.12.77.69
573,Shalom,Kunzel,skunzelfw@amazon.co.jp,Non-binary,184.21.224.107
574,Cordelia,Longthorne,clongthornefx@storify.com,Female,41.240.244.34
575,Cesaro,Giorgioni,cgiorgionify@devhub.com,Male,228.76.106.121
576,Wilek,Baddeley,wbaddeleyfz@businesswire.com,Male,176.177.209.185
577,Amos,Probyn,aprobyng0@reuters.com,Male,94.109.231.58
578,Adolph,Bernadzki,abernadzkig1@de.vu,Male,203.73.4.44
579,Cherin,Jeduch,cjeduchg2@webmd.com,Female,226.13.196.68
580,Patin,Spurling,pspurlingg3@w3.org,Male,174.12.66.233
581,Othello,Mengue,omengueg4@vkontakte.ru,Male,46.144.40.238
582,Horatius,Budgen,hbudgeng5@unc.edu,Male,23.136.237.58
583,Jermaine,D'Oyly,jdoylyg6@joomla.org,Male,143.2.102.117
584,Ros,Jamme,rjammeg7@blogtalkradio.com,Female,111.253.4.97
585,Immanuel,Liddon,iliddong8@geocities.com,Male,137.247.48.67
586,Seumas,Betton,sbettong9@hatena.ne.jp,Male,92.166.236.157
587,Audra,Brayshay,abrayshayga@walmart.com,Female,45.23.111.217
588,Cherey,Karran,ckarrangb@ask.com,Female,97.243.175.171
589,Orren,Gilleon,ogilleongc@sfgate.com,Male,242.220.137.146
590,Ky,Whalley,kwhalleygd@pcworld.com,Male,8.239.63.170
591,Guillermo,Dankersley,gdankersleyge@telegraph.co.uk,Male,32.255.138.165
592,Brocky,Ronchi,bronchigf@networksolutions.com,Male,32.105.231.3
593,Armand,Tuckett,atuckettgg@sun.com,Male,106.5.78.118
594,Michel,Ayton,maytongh@elpais.com,Male,4.104.5.19
595,Tootsie,Cay,tcaygi@dropbox.com,Female,138.215.13.118
596,Alfy,Ownsworth,aownsworthgj@imdb.com,Male,156.58.194.108
597,Raynard,Watters,rwattersgk@cpanel.net,Male,67.146.9.165
598,Tate,Collen,tcollengl@shop-pro.jp,Male,22.165.10.140
599,Charity,Girardey,cgirardeygm@netvibes.com,Female,111.68.129.165
600,Emery,Redish,eredishgn@disqus.com,Male,169.231.219.178
601,Genny,Chalmers,gchalmersgo@sphinn.com,Female,53.53.50.96
602,Gonzalo,Losel,gloselgp@domainmarket.com,Male,43.175.164.112
603,Quinn,Bottell,qbottellgq@addthis.com,Male,112.191.222.72
604,Wendel,Webster,wwebstergr@ihg.com,Male,55.191.166.226
605,Portie,Tamsett,ptamsettgs@qq.com,Male,32.166.31.96
606,Maire,Radoux,mradouxgt@elegantthemes.com,Bigender,18.13.207.191
607,Gearard,Baldacchino,gbaldacchinogu@myspace.com,Male,73.61.184.51
608,Kalvin,Kidson,kkidsongv@netvibes.com,Male,221.149.159.80
609,Killian,Cicconettii,kcicconettiigw@intel.com,Agender,73.146.245.40
610,Miguela,Everton,mevertongx@123-reg.co.uk,Female,72.160.88.106
611,Drusy,Darch,ddarchgy@parallels.com,Female,58.235.109.47
612,Aymer,Chomley,achomleygz@ed.gov,Bigender,219.67.28.149
613,Tate,Rattenberie,trattenberieh0@merriam-webster.com,Female,140.60.169.81
614,Lyn,Ingyon,lingyonh1@sciencedirect.com,Male,220.231.103.70
615,Helene,Aspey,haspeyh2@technorati.com,Female,158.85.201.8
616,Jeremias,Fells,jfellsh3@smh.com.au,Male,222.169.78.192
617,Mischa,Mintoff,mmintoffh4@1688.com,Male,205.145.113.15
618,Alfy,Bremmer,abremmerh5@wsj.com,Female,223.69.178.146
619,Tricia,Marton,tmartonh6@arstechnica.com,Female,34.193.158.162
620,Rae,Devine,rdevineh7@odnoklassniki.ru,Female,84.165.75.28
621,Marten,Winterbotham,mwinterbothamh8@china.com.cn,Male,101.121.80.214
622,Gerty,Jowett,gjowetth9@yandex.ru,Genderfluid,14.118.14.166
623,Lowrance,Wayon,lwayonha@arizona.edu,Male,170.114.222.25
624,Riley,Brantzen,rbrantzenhb@amazonaws.com,Male,178.223.185.53
625,Griffith,Braim,gbraimhc@apple.com,Male,188.33.32.59
626,Zebadiah,Whyley,zwhyleyhd@ucla.edu,Genderqueer,40.116.226.100
627,Gaultiero,Fripp,gfripphe@trellian.com,Male,157.247.12.56
628,Doroteya,Churchill,dchurchillhf@goo.ne.jp,Female,214.214.212.192
629,Alvera,Duguid,aduguidhg@amazonaws.com,Female,249.12.189.164
630,Scotti,Twinberrow,stwinberrowhh@utexas.edu,Male,75.164.103.182
631,Geoffry,Keeping,gkeepinghi@creativecommons.org,Male,151.83.215.48
632,Maurene,Huws,mhuwshj@dropbox.com,Female,23.146.133.191
633,Rebe,Simonetto,rsimonettohk@ifeng.com,Female,200.87.211.254
634,Aggie,Newton,anewtonhl@meetup.com,Polygender,198.243.245.239
635,Merna,Trynor,mtrynorhm@prweb.com,Female,133.129.73.129
636,Willetta,Unsworth,wunsworthhn@mysql.com,Female,234.138.82.153
637,Nicko,Ladds,nladdsho@blinklist.com,Male,247.189.241.139
638,Angelina,Inchley,ainchleyhp@reference.com,Female,167.138.99.56
639,Scott,Otson,sotsonhq@example.com,Male,225.114.8.133
640,Hewe,Flament,hflamenthr@jigsy.com,Male,28.219.195.116
641,Barnebas,Bebbell,bbebbellhs@youtu.be,Male,252.226.94.50
642,Molly,Irvin,mirvinht@washingtonpost.com,Female,5.158.109.176
643,Lorna,Reame,lreamehu@fc2.com,Female,120.86.197.107
644,Rouvin,Whittles,rwhittleshv@altervista.org,Male,132.244.76.228
645,Elston,Tackley,etackleyhw@flavors.me,Male,185.98.69.64
646,Gaile,Grinishin,ggrinishinhx@spotify.com,Male,211.43.213.89
647,Wendall,Stoop,wstoophy@issuu.com,Male,122.163.45.222
648,Templeton,Philippault,tphilippaulthz@jalbum.net,Male,70.185.136.112
649,Kirbie,Scardafield,kscardafieldi0@mapquest.com,Female,108.12.28.247
650,Jerrine,Likely,jlikelyi1@twitter.com,Female,145.45.247.39
651,Noelle,Coutthart,ncouttharti2@smh.com.au,Female,212.187.8.119
652,Evey,Keaves,ekeavesi3@sakura.ne.jp,Female,71.208.186.44
653,Elke,Sumpter,esumpteri4@last.fm,Female,148.222.197.79
654,Letitia,Oman,lomani5@patch.com,Female,92.211.207.173
655,Venita,Brumble,vbrumblei6@163.com,Female,144.1.36.67
656,Christoph,Waltering,cwalteringi7@flickr.com,Non-binary,185.10.49.63
657,Piotr,Wingate,pwingatei8@tamu.edu,Male,78.113.235.251
658,Towney,Handmore,thandmorei9@squidoo.com,Male,102.127.106.221
659,Shandra,Thayre,sthayreia@simplemachines.org,Female,184.204.11.100
660,Fabian,Holleworth,fholleworthib@wiley.com,Male,57.148.18.32
661,Anthe,McSaul,amcsaulic@stumbleupon.com,Female,4.211.130.40
662,Yule,Tales,ytalesid@woothemes.com,Male,32.26.171.56
663,Chiquita,Kilshaw,ckilshawie@e-recht24.de,Female,111.112.136.203
664,Gregory,Ginner,gginnerif@geocities.jp,Male,234.133.123.72
665,Stinky,Stenyng,sstenyngig@webmd.com,Male,123.78.132.46
666,Sigvard,Coke,scokeih@wunderground.com,Male,46.220.220.92
667,Dawna,Lamble,dlambleii@phoca.cz,Female,227.89.204.188
668,Joseph,Hancox,jhancoxij@prweb.com,Male,112.191.197.244
669,Malinda,Weich,mweichik@addthis.com,Female,97.161.15.204
670,Fiona,McCarle,fmccarleil@hatena.ne.jp,Female,95.66.112.138
671,Orbadiah,Balassi,obalassiim@facebook.com,Male,30.165.194.85
672,Kat,Mundle,kmundlein@xing.com,Female,14.82.237.63
673,Alverta,Ridgedell,aridgedellio@jugem.jp,Female,212.108.225.182
674,Sully,Littefair,slittefairip@ca.gov,Male,196.230.39.34
675,Allsun,Berry,aberryiq@livejournal.com,Female,213.250.36.43
676,Imelda,Andreev,iandreevir@nifty.com,Female,92.212.219.249
677,Neille,Wadham,nwadhamis@tripod.com,Female,243.184.135.167
678,Bail,Spencley,bspencleyit@cargocollective.com,Male,154.94.52.137
679,Jozef,Aldridge,jaldridgeiu@nydailynews.com,Male,86.163.58.101
680,Amble,Caff,acaffiv@engadget.com,Male,69.101.77.56
681,Ginevra,Sedgefield,gsedgefieldiw@parallels.com,Agender,57.238.116.90
682,Moshe,Abbyss,mabbyssix@is.gd,Male,212.16.115.125
683,Lay,Kitcher,lkitcheriy@friendfeed.com,Male,169.48.39.84
684,Renata,Fickling,rficklingiz@baidu.com,Female,10.93.247.183
685,Howard,Poker,hpokerj0@51.la,Male,97.206.242.240
686,Ada,Fallon,afallonj1@jimdo.com,Female,227.130.223.197
687,Haze,Noell,hnoellj2@trellian.com,Male,174.222.74.237
688,Dud,Cassely,dcasselyj3@wisc.edu,Male,149.32.147.205
689,Puff,Franssen,pfranssenj4@dailymail.co.uk,Bigender,148.19.139.254
690,Elliott,McCann,emccannj5@123-reg.co.uk,Non-binary,185.94.80.175
691,Josee,Kennermann,jkennermannj6@rambler.ru,Agender,14.170.23.56
692,Katherina,Devita,kdevitaj7@sphinn.com,Female,49.63.218.219
693,Creigh,Prantl,cprantlj8@telegraph.co.uk,Male,191.29.97.216
694,Thain,Steffans,tsteffansj9@usnews.com,Genderfluid,251.177.244.21
695,Hilly,Dainton,hdaintonja@photobucket.com,Male,79.207.41.222
696,Viv,Wooton,vwootonjb@4shared.com,Female,29.184.19.39
697,Jeff,Thorpe,jthorpejc@virginia.edu,Male,139.94.45.59
698,Orin,Petrenko,opetrenkojd@imageshack.us,Male,100.27.220.218
699,Lin,Ridett,lridettje@jiathis.com,Male,65.46.213.231
700,Verina,Keiley,vkeileyjf@istockphoto.com,Female,220.125.174.34
701,Merrie,Durno,mdurnojg@nsw.gov.au,Female,84.59.235.17
702,Bartolomeo,Lamball,blamballjh@aol.com,Agender,39.12.233.230
703,Edgardo,McClean,emccleanji@mozilla.org,Male,245.100.74.99
704,Kile,Vasyunichev,kvasyunichevjj@a8.net,Male,195.117.180.210
705,Arvie,Cattlow,acattlowjk@addtoany.com,Male,22.254.83.200
706,Marie-ann,Corneck,mcorneckjl@bbc.co.uk,Female,48.27.198.194
707,Fern,Pristnor,fpristnorjm@naver.com,Female,132.109.177.104
708,Rubi,Woolvin,rwoolvinjn@examiner.com,Female,112.176.165.67
709,Latisha,Tracy,ltracyjo@elpais.com,Female,182.50.36.168
710,Davide,Franey,dfraneyjp@aol.com,Male,226.206.209.95
711,Jaine,Kenforth,jkenforthjq@xrea.com,Female,163.51.170.236
712,Mohandis,Copas,mcopasjr@google.fr,Male,204.5.218.147
713,Ayn,Bompass,abompassjs@about.me,Female,89.129.234.126
714,Eloise,Brogden,ebrogdenjt@dion.ne.jp,Female,9.248.204.198
715,Ryan,Bernadon,rbernadonju@ovh.net,Male,175.55.96.191
716,Carolynn,Pullinger,cpullingerjv@alexa.com,Female,20.52.85.176
717,April,Bretton,abrettonjw@noaa.gov,Female,218.184.240.73
718,Edin,Conibere,econiberejx@msu.edu,Female,153.130.140.142
719,Rosmunda,Markl,rmarkljy@nytimes.com,Female,128.234.21.175
720,Bearnard,de Keep,bdekeepjz@cbc.ca,Male,188.93.196.192
721,Shandee,Chasemore,schasemorek0@constantcontact.com,Female,207.42.211.245
722,Jaimie,Hadigate,jhadigatek1@reddit.com,Male,220.5.253.252
723,Emmett,Tebbutt,etebbuttk2@twitter.com,Male,21.172.137.73
724,Anitra,Wellard,awellardk3@photobucket.com,Female,214.228.210.53
725,Noelani,McCart,nmccartk4@google.it,Female,242.156.137.17
726,Stillmann,Dennerly,sdennerlyk5@forbes.com,Male,248.0.162.216
727,Glenda,Fuidge,gfuidgek6@state.gov,Female,236.229.95.10
728,Porter,Cast,pcastk7@oaic.gov.au,Male,176.196.157.30
729,Yasmin,Schiefersten,yschieferstenk8@columbia.edu,Female,191.16.0.231
730,Cull,Hadkins,chadkinsk9@moonfruit.com,Male,243.238.84.26
731,Maighdiln,Lates,mlateska@typepad.com,Female,188.18.67.171
732,Maxy,Aggas,maggaskb@feedburner.com,Female,97.7.228.112
733,Eddie,Noble,enoblekc@sitemeter.com,Male,12.232.102.98
734,Constantine,Larrington,clarringtonkd@vk.com,Male,126.7.70.203
735,Fan,Stanmore,fstanmoreke@ucla.edu,Female,147.255.116.97
736,Erich,Learmond,elearmondkf@nydailynews.com,Male,184.99.140.156
737,Garvey,Le Marquis,glemarquiskg@pbs.org,Male,131.118.52.228
738,Maye,Barabisch,mbarabischkh@scientificamerican.com,Female,12.223.22.202
739,Jourdain,Gerred,jgerredki@bandcamp.com,Male,42.91.194.219
740,Nealy,Skivington,nskivingtonkj@sourceforge.net,Male,138.129.189.13
741,Valentijn,Holstein,vholsteinkk@tmall.com,Male,47.238.23.247
742,Burnaby,Laughlan,blaughlankl@istockphoto.com,Male,39.149.163.8
743,Gabriella,Naulls,gnaullskm@nationalgeographic.com,Female,67.122.100.197
744,Fiann,Chatfield,fchatfieldkn@joomla.org,Female,136.131.32.195
745,Cornelle,Di Giacomettino,cdigiacomettinoko@github.com,Female,201.246.33.124
746,Valaria,Teasdale-Markie,vteasdalemarkiekp@newyorker.com,Female,253.204.139.146
747,Otes,Mundford,omundfordkq@imgur.com,Agender,186.185.46.183
748,Windy,Barczynski,wbarczynskikr@wikispaces.com,Female,209.169.192.59
749,Julia,Molan,jmolanks@photobucket.com,Female,68.1.5.209
750,Claudetta,Currum,ccurrumkt@nsw.gov.au,Female,134.30.29.4
751,Denney,Atkirk,datkirkku@earthlink.net,Male,184.80.244.134
752,Natty,Cornall,ncornallkv@ebay.com,Female,220.177.135.227
753,Brocky,McQuin,bmcquinkw@google.com.hk,Male,221.42.159.189
754,Annemarie,Idill,aidillkx@comcast.net,Female,27.207.19.38
755,Vassili,Alves,valvesky@amazon.com,Male,155.1.192.136
756,Shirl,Cicullo,scicullokz@quantcast.com,Female,78.70.127.248
757,Dietrich,Hofton,dhoftonl0@rakuten.co.jp,Genderfluid,127.157.109.182
758,Juana,Kenset,jkensetl1@1und1.de,Female,96.165.199.205
759,Ede,Favelle,efavellel2@uiuc.edu,Agender,193.82.94.249
760,Rudolfo,Pavkovic,rpavkovicl3@de.vu,Male,137.191.34.129
761,Earl,Byrde,ebyrdel4@sohu.com,Male,234.163.182.149
762,Mina,Deesly,mdeeslyl5@nsw.gov.au,Female,37.41.215.77
763,Clara,Drake,cdrakel6@oakley.com,Female,184.125.186.56
764,Deb,Pea,dpeal7@jimdo.com,Female,244.89.237.101
765,Homere,Buglar,hbuglarl8@house.gov,Male,226.236.217.176
766,Delcina,Cattermole,dcattermolel9@soundcloud.com,Female,132.249.119.19
767,Heywood,Sandyford,hsandyfordla@accuweather.com,Male,167.149.32.208
768,Dugald,BoHlingolsen,dbohlingolsenlb@xrea.com,Male,162.250.46.14
769,Brenden,Utterson,buttersonlc@buzzfeed.com,Male,25.35.49.111
770,Jaquelyn,Bourchier,jbourchierld@bloglines.com,Female,133.205.116.243
771,Mark,Vandenhoff,mvandenhoffle@pcworld.com,Male,24.210.190.135
772,Donaugh,Shoebrook,dshoebrooklf@zimbio.com,Male,211.133.139.46
773,Ynez,Bryce,ybrycelg@hp.com,Genderqueer,34.199.225.34
774,Forester,Hess,fhesslh@livejournal.com,Male,146.224.25.59
775,Karleen,MacRirie,kmacririeli@infoseek.co.jp,Female,17.34.208.129
776,Justen,Snowdon,jsnowdonlj@icio.us,Male,99.9.156.29
777,Amata,Haime,ahaimelk@twitpic.com,Female,43.218.190.24
778,April,McCreary,amccrearyll@sourceforge.net,Female,91.111.121.182
779,Andre,Albertson,aalbertsonlm@webnode.com,Male,104.95.27.48
780,Quintilla,Narramore,qnarramoreln@google.com.au,Non-binary,237.141.195.8
781,Dulcie,Antonio,dantoniolo@soundcloud.com,Female,71.93.197.208
782,Huntley,Monsey,hmonseylp@hc360.com,Male,77.229.190.107
783,Shaun,Beamond,sbeamondlq@jiathis.com,Female,202.216.182.150
784,Aristotle,Flann,aflannlr@ameblo.jp,Male,84.28.153.95
785,Milly,Vowden,mvowdenls@microsoft.com,Female,154.180.79.41
786,Danila,Lahrs,dlahrslt@toplist.cz,Female,38.72.231.40
787,Ethyl,Scirman,escirmanlu@opensource.org,Female,10.127.252.67
788,Emylee,Hotson,ehotsonlv@senate.gov,Female,224.32.197.32
789,Horacio,Calam,hcalamlw@facebook.com,Male,74.220.111.7
790,Loise,Yakovich,lyakovichlx@ehow.com,Female,140.171.210.158
791,Henrieta,Spancock,hspancockly@usatoday.com,Female,158.102.75.194
792,Elwin,Meneux,emeneuxlz@go.com,Bigender,178.163.46.90
793,Lissi,House,lhousem0@cisco.com,Female,128.234.215.218
794,Deerdre,Aslen,daslenm1@edublogs.org,Female,213.184.252.204
795,Waite,McGinney,wmcginneym2@sun.com,Male,13.159.226.110
796,Johnathon,Stonebridge,jstonebridgem3@accuweather.com,Male,215.200.170.207
797,Lee,Stoney,lstoneym4@paypal.com,Male,219.136.151.31
798,Carney,Woodroofe,cwoodroofem5@imdb.com,Male,244.192.250.253
799,Rock,McDuall,rmcduallm6@umich.edu,Male,117.109.241.221
800,Quinta,Hrus,qhrusm7@slashdot.org,Female,212.10.176.165
801,Richardo,Grimbaldeston,rgrimbaldestonm8@dailymail.co.uk,Male,73.232.134.228
802,Rex,Gentzsch,rgentzschm9@reverbnation.com,Male,90.83.196.128
803,Layla,Gullberg,lgullbergma@ning.com,Female,181.69.114.242
804,Paco,Hodges,phodgesmb@gov.uk,Male,238.185.190.147
805,Arlette,Willshee,awillsheemc@yellowpages.com,Female,147.73.90.206
806,Ninnette,Danforth,ndanforthmd@myspace.com,Female,141.41.73.233
807,Howey,Le Leu,hleleume@sfgate.com,Male,32.48.1.235
808,Ulrich,Kidman,ukidmanmf@miitbeian.gov.cn,Male,7.71.92.74
809,Porter,Sleightholm,psleightholmmg@google.pl,Male,83.143.70.176
810,Teador,Brotherwood,tbrotherwoodmh@is.gd,Non-binary,135.6.178.222
811,Boote,Barsham,bbarshammi@newsvine.com,Non-binary,215.98.241.30
812,Rhona,Massard,rmassardmj@yahoo.co.jp,Female,255.227.67.112
813,Calhoun,Mort,cmortmk@washingtonpost.com,Male,144.73.142.143
814,Meagan,Keetch,mkeetchml@desdev.cn,Female,94.214.250.133
815,Filip,Escala,fescalamm@bigcartel.com,Male,240.120.145.150
816,Celestina,Ferraresi,cferraresimn@theguardian.com,Female,141.96.7.12
817,Berkie,O' Mullan,bomullanmo@so-net.ne.jp,Non-binary,113.235.203.92
818,Hermione,de Aguirre,hdeaguirremp@vistaprint.com,Female,149.206.213.12
819,Ulrika,MacGauhy,umacgauhymq@i2i.jp,Female,213.238.97.143
820,Ferguson,Marven,fmarvenmr@addtoany.com,Polygender,26.52.134.160
821,Bail,Oakey,boakeyms@blogs.com,Male,108.38.115.35
822,Culley,Yegorkin,cyegorkinmt@storify.com,Male,12.103.99.152
823,Renard,Rudolph,rrudolphmu@wufoo.com,Male,164.115.224.80
824,Cleopatra,Fossick,cfossickmv@prnewswire.com,Female,8.10.83.213
825,Peggy,Diament,pdiamentmw@amazon.de,Female,53.39.252.49
826,Augie,Kildahl,akildahlmx@ebay.co.uk,Male,31.119.157.235
827,Charlene,Wandrach,cwandrachmy@cdc.gov,Female,3.197.211.172
828,Carolee,Loxston,cloxstonmz@istockphoto.com,Female,167.195.145.255
829,Alleyn,Kennaird,akennairdn0@cpanel.net,Male,127.143.32.12
830,Micheal,McFarland,mmcfarlandn1@scribd.com,Male,183.152.4.222
831,Jenine,Lukasen,jlukasenn2@msu.edu,Genderfluid,128.185.39.50
832,Kele,Bottjer,kbottjern3@delicious.com,Male,20.127.175.96
833,Dorri,Hazeup,dhazeupn4@nba.com,Female,198.8.26.11
834,Marcille,Doohan,mdoohann5@rambler.ru,Female,144.185.49.247
835,Kalindi,McElroy,kmcelroyn6@seattletimes.com,Female,142.240.39.50
836,Darill,Jolliss,djollissn7@epa.gov,Polygender,48.9.142.55
837,Reese,Tinkham,rtinkhamn8@un.org,Male,110.75.160.192
838,Holly,Lount,hlountn9@posterous.com,Male,45.220.89.175
839,Brenden,Bronot,bbronotna@techcrunch.com,Male,154.9.117.149
840,Brandie,Ralling,brallingnb@who.int,Female,91.117.102.152
841,Olag,Rotherham,orotherhamnc@google.es,Male,61.46.93.254
842,Melany,Durrell,mdurrellnd@tripod.com,Female,161.64.38.194
843,Sharona,Lummis,slummisne@alibaba.com,Female,150.170.8.174
844,Kaila,Mogridge,kmogridgenf@nifty.com,Agender,31.150.211.70
845,Judi,Leckenby,jleckenbyng@twitter.com,Bigender,169.118.180.67
846,Fulvia,Kitchenside,fkitchensidenh@printfriendly.com,Female,89.59.190.111
847,Chrystal,Phelipeaux,cphelipeauxni@nydailynews.com,Female,24.8.119.177
848,Alfred,Richmont,arichmontnj@chron.com,Male,82.184.47.193
849,Dulce,Workes,dworkesnk@taobao.com,Female,132.121.207.171
850,Ros,Prestland,rprestlandnl@house.gov,Female,0.184.103.193
851,Gwenni,Syrie,gsyrienm@weebly.com,Female,110.211.49.243
852,Lukas,Sussans,lsussansnn@woothemes.com,Male,183.138.90.161
853,Ennis,Exon,eexonno@intel.com,Male,63.82.248.83
854,Martha,Sarjeant,msarjeantnp@slate.com,Female,204.36.211.178
855,Gisele,Benedidick,gbenedidicknq@statcounter.com,Genderqueer,133.89.96.36
856,Dinny,Tight,dtightnr@163.com,Female,113.176.193.2
857,Patrica,Mapam,pmapamns@homestead.com,Female,72.188.227.137
858,Jerrilee,Ure,jurent@symantec.com,Female,27.72.80.236
859,Mord,Piers,mpiersnu@dmoz.org,Male,166.207.72.105
860,Gregorius,Slarke,gslarkenv@eepurl.com,Male,226.89.91.99
861,Matthus,House,mhousenw@printfriendly.com,Polygender,206.127.197.153
862,Cristionna,Pierce,cpiercenx@smugmug.com,Female,130.138.26.236
863,Wileen,Gabbot,wgabbotny@walmart.com,Female,55.51.151.102
864,Lisa,Emmanuel,lemmanuelnz@samsung.com,Female,68.42.254.205
865,Daphne,Holywell,dholywello0@who.int,Female,123.183.194.153
866,Hayden,Swepson,hswepsono1@a8.net,Male,0.184.124.58
867,Malva,Barck,mbarcko2@ftc.gov,Female,141.52.128.67
868,Natka,Trevascus,ntrevascuso3@cornell.edu,Female,13.238.238.104
869,Phaedra,Knaggs,pknaggso4@fotki.com,Non-binary,44.228.222.156
870,Gan,Fairy,gfairyo5@altervista.org,Male,113.97.171.21
871,Gustavus,Joiris,gjoiriso6@mozilla.com,Male,220.87.186.136
872,Fabiano,Chstney,fchstneyo7@ehow.com,Male,209.104.111.17
873,Allie,Ockwell,aockwello8@state.tx.us,Agender,92.63.13.207
874,Rowena,Mannin,rmannino9@mapy.cz,Female,92.26.239.39
875,Findlay,Brolechan,fbrolechanoa@comsenz.com,Male,211.88.190.180
876,Lionel,Ewens,lewensob@blinklist.com,Male,162.188.102.181
877,Krystle,McLise,kmcliseoc@mit.edu,Female,81.182.128.189
878,Marla,Gratton,mgrattonod@ovh.net,Female,114.245.209.217
879,Lian,Mallord,lmallordoe@diigo.com,Female,167.42.106.144
880,Fin,Flecknell,fflecknellof@apache.org,Male,92.23.106.54
881,Koralle,Pettegre,kpettegreog@tinyurl.com,Female,13.77.204.159
882,Feliks,Taree,ftareeoh@google.cn,Male,4.215.39.199
883,Goldarina,Ripon,griponoi@upenn.edu,Female,11.3.248.81
884,Torey,Girardini,tgirardinioj@meetup.com,Female,245.96.203.11
885,Alexandra,Murkitt,amurkittok@yelp.com,Bigender,1.15.0.87
886,Kingsly,Grigoroni,kgrigoroniol@myspace.com,Male,173.27.17.38
887,Carolan,Koschek,ckoschekom@cloudflare.com,Female,105.75.211.232
888,Ralph,Hollington,rhollingtonon@sbwire.com,Male,82.213.125.145
889,Sarita,Sollars,ssollarsoo@wikipedia.org,Female,63.127.164.15
890,Camel,Benam,cbenamop@zimbio.com,Female,80.28.52.27
891,Beniamino,Haggidon,bhaggidonoq@sfgate.com,Male,209.232.240.22
892,Roseline,Crocumbe,rcrocumbeor@archive.org,Female,106.223.142.37
893,Ansel,Dewdney,adewdneyos@virginia.edu,Male,70.224.212.194
894,Juliann,Sandifer,jsandiferot@homestead.com,Female,188.11.85.210
895,Joceline,Habbin,jhabbinou@cbc.ca,Female,112.219.4.180
896,Jacky,Brisley,jbrisleyov@timesonline.co.uk,Male,175.105.150.160
897,Blake,Flacknell,bflacknellow@squarespace.com,Male,39.110.178.32
898,Lance,Aberkirdo,laberkirdoox@mashable.com,Male,109.170.222.221
899,Jaimie,Espinola,jespinolaoy@scribd.com,Female,8.255.172.57
900,Benn,Rumbellow,brumbellowoz@purevolume.com,Male,222.254.38.9
901,Westleigh,Hugonnet,whugonnetp0@thetimes.co.uk,Male,81.242.22.249
902,Allys,Veevers,aveeversp1@skyrock.com,Female,96.31.193.102
903,Ken,Erangy,kerangyp2@ezinearticles.com,Male,160.44.123.237
904,Parrnell,Northover,pnorthoverp3@prlog.org,Male,141.247.185.28
905,Dmitri,Shoveller,dshovellerp4@npr.org,Genderqueer,9.40.2.180
906,Earl,Chatan,echatanp5@omniture.com,Male,138.110.79.110
907,Shayne,Bubbear,sbubbearp6@mysql.com,Male,249.60.167.121
908,Thaine,Dict,tdictp7@issuu.com,Bigender,120.221.116.24
909,Aldis,Joyes,ajoyesp8@usa.gov,Male,126.62.49.186
910,Yuri,Choppin,ychoppinp9@princeton.edu,Male,225.126.24.232
911,James,Fulk,jfulkpa@deliciousdays.com,Male,215.97.19.74
912,Rossy,Semkins,rsemkinspb@yellowbook.com,Male,155.138.234.68
913,Frederico,Bisco,fbiscopc@youtube.com,Male,45.172.190.18
914,Cordelie,Volks,cvolkspd@ft.com,Female,9.8.10.8
915,Beaufort,Grigoriscu,bgrigoriscupe@slideshare.net,Male,179.227.32.197
916,Chelsey,Bossom,cbossompf@ted.com,Bigender,33.31.86.149
917,Davide,Madgewick,dmadgewickpg@nasa.gov,Male,169.242.220.241
918,Arleta,Puxley,apuxleyph@bandcamp.com,Female,100.218.140.156
919,Wenda,Gowland,wgowlandpi@ovh.net,Female,50.115.92.171
920,Belicia,Jewson,bjewsonpj@netvibes.com,Female,211.39.38.193
921,Darryl,Badsworth,dbadsworthpk@flickr.com,Male,17.137.67.136
922,Nobie,Blaise,nblaisepl@ft.com,Male,210.74.155.150
923,Farlee,Verni,fvernipm@nature.com,Male,28.61.123.65
924,Tan,Jevon,tjevonpn@issuu.com,Male,149.102.7.232
925,Tess,Tollet,ttolletpo@foxnews.com,Female,194.74.54.82
926,Denver,Spurryer,dspurryerpp@nydailynews.com,Male,31.192.118.145
927,Skip,Lundy,slundypq@furl.net,Male,101.244.60.13
928,Janey,Molines,jmolinespr@mapquest.com,Female,130.14.46.216
929,Zorine,Colum,zcolumps@slashdot.org,Female,192.83.242.107
930,Archibold,Masson,amassonpt@soup.io,Male,210.243.183.164
931,Imogen,Tolland,itollandpu@wordpress.org,Female,148.15.189.18
932,Myriam,Pratty,mprattypv@hugedomains.com,Female,134.251.12.164
933,Dukie,Willbourne,dwillbournepw@jiathis.com,Male,194.76.10.24
934,Humfrid,Bather,hbatherpx@jugem.jp,Male,69.58.162.24
935,Clerc,Pydcock,cpydcockpy@yandex.ru,Male,71.62.83.216
936,Celia,Tunder,ctunderpz@wix.com,Female,231.68.203.51
937,Carmine,Jozef,cjozefq0@deliciousdays.com,Male,219.221.236.90
938,Floris,McIlvaney,fmcilvaneyq1@imgur.com,Female,128.247.138.193
939,Isidro,Nutting,inuttingq2@comsenz.com,Male,136.250.225.9
940,Arin,Adamou,aadamouq3@earthlink.net,Male,193.161.107.237
941,Rouvin,Ridsdale,rridsdaleq4@omniture.com,Male,67.200.155.207
942,Vivyan,Ocheltree,vocheltreeq5@miitbeian.gov.cn,Female,13.201.184.232
943,Cherie,Franssen,cfranssenq6@techcrunch.com,Female,136.36.207.42
944,Irene,Niesel,inieselq7@redcross.org,Female,105.201.219.181
945,Mariellen,Binstead,mbinsteadq8@drupal.org,Female,181.18.52.206
946,Essy,Evert,eevertq9@netscape.com,Female,243.67.43.83
947,Fremont,Starte,fstarteqa@yellowpages.com,Male,254.11.122.106
948,Kip,Triebner,ktriebnerqb@google.de,Male,144.245.62.33
949,Oralee,Dubery,oduberyqc@squidoo.com,Genderqueer,6.226.158.59
950,Bella,Unwins,bunwinsqd@rediff.com,Female,176.21.172.10
951,Lorri,Savoury,lsavouryqe@tripadvisor.com,Female,82.1.192.28
952,Charmian,Kidstoun,ckidstounqf@i2i.jp,Female,171.232.111.183
953,Waylon,Croley,wcroleyqg@usgs.gov,Male,200.197.242.126
954,Kliment,Alliban,kallibanqh@tumblr.com,Male,130.116.202.236
955,Gabbey,Reckless,grecklessqi@wix.com,Agender,91.28.107.83
956,Gray,Jonuzi,gjonuziqj@jiathis.com,Male,165.41.14.88
957,Erek,McIlwrath,emcilwrathqk@ox.ac.uk,Genderfluid,227.126.42.13
958,Will,Rawdall,wrawdallql@icio.us,Male,210.171.223.151
959,Pen,Capun,pcapunqm@woothemes.com,Female,115.169.70.225
960,Janaya,Chelsom,jchelsomqn@umich.edu,Female,231.213.182.63
961,Tybalt,Gerold,tgeroldqo@miibeian.gov.cn,Male,213.129.106.155
962,Tish,Larkings,tlarkingsqp@ycombinator.com,Female,117.185.11.229
963,Patrice,Novello,pnovelloqq@about.com,Female,170.138.99.234
964,Sydney,Beardwood,sbeardwoodqr@yandex.ru,Genderfluid,36.42.217.237
965,Silvio,Holwell,sholwellqs@soundcloud.com,Non-binary,225.162.213.169
966,Doll,Winchurch,dwinchurchqt@hibu.com,Female,162.120.143.15
967,Terrell,Streeten,tstreetenqu@economist.com,Male,238.247.99.191
968,Zea,Oxteby,zoxtebyqv@examiner.com,Female,29.149.129.126
969,Jard,Maddams,jmaddamsqw@deviantart.com,Male,73.47.120.62
970,Marjorie,Saull,msaullqx@wordpress.com,Female,206.57.225.163
971,Reed,Kingzett,rkingzettqy@state.tx.us,Male,100.105.42.157
972,Bartolomeo,Waison,bwaisonqz@adobe.com,Male,175.158.99.49
973,Kerwin,Daniel,kdanielr0@nifty.com,Male,170.138.52.234
974,Anitra,Slaney,aslaneyr1@mac.com,Polygender,177.247.180.159
975,Gunther,Farfoot,gfarfootr2@usnews.com,Male,238.72.220.31
976,Lela,Skirven,lskirvenr3@noaa.gov,Female,104.241.175.98
977,Nil,Roberts,nrobertsr4@netlog.com,Male,92.94.217.238
978,Silvie,Shillaber,sshillaberr5@biblegateway.com,Female,253.223.230.66
979,Dominique,Crannach,dcrannachr6@live.com,Female,24.195.195.174
980,Kipper,Kerner,kkernerr7@twitpic.com,Male,155.103.105.201
981,Christos,Bellefant,cbellefantr8@purevolume.com,Male,98.28.178.234
982,Darla,Kubat,dkubatr9@comcast.net,Female,23.56.164.190
983,Ariel,Elmer,aelmerra@spiegel.de,Female,169.209.28.161
984,Gordie,Shapland,gshaplandrb@blogger.com,Male,67.200.95.123
985,Cole,Drinkhall,cdrinkhallrc@ask.com,Male,253.129.29.191
986,Gregory,Clorley,gclorleyrd@infoseek.co.jp,Male,151.96.132.3
987,Ariadne,Pecha,apechare@constantcontact.com,Female,104.38.119.185
988,Ignace,Peche,ipecherf@dedecms.com,Male,29.243.30.118
989,Sandi,Flannigan,sflanniganrg@usa.gov,Female,190.215.248.81
990,Christophe,Livingston,clivingstonrh@spiegel.de,Male,33.12.141.163
991,Thomasin,Bielfeldt,tbielfeldtri@google.ca,Polygender,16.33.52.28
992,Dorian,Beneyto,dbeneytorj@flickr.com,Female,93.196.216.230
993,Alwin,McCoughan,amccoughanrk@creativecommons.org,Male,148.160.117.203
994,Louella,Molyneux,lmolyneuxrl@google.com.hk,Non-binary,203.99.85.18
995,Wendel,Illwell,willwellrm@webeden.co.uk,Bigender,21.23.242.219
996,Costa,Talton,ctaltonrn@webeden.co.uk,Male,161.231.48.76
997,Griff,Oddey,goddeyro@japanpost.jp,Male,128.208.155.220
998,Currey,Chagg,cchaggrp@earthlink.net,Male,66.24.162.85
999,Dreddy,Craig,dcraigrq@fc2.com,Female,93.43.238.25
1000,Laurence,Trigg,ltriggrr@domainmarket.com,Male,225.177.222.175
